TransactionID,Amount,Date,Status
4912,661.68,2021-07-05,Completed
5068,749.12,2022-07-07,Completed
9658,174.3,2023-01-04,Completed
7098,697.57,2020-01-04,Failed
4337,305.47,2021-03-11,Completed
6880,284.55,2021-08-19,Pending
2360,718.87,2020-02-27,Completed
5954,754.1,2023-03-12,Pending
3397,263.34,2024-09-03,Completed
6399,592.45,2022-08-17,Pending
9711,218.35,2024-03-18,Completed
2698,338.39,2021-03-07,Pending
2888,616.58,2022-07-14,Failed
3725,954.17,2021-08-02,Failed
5038,429.82,2021-03-23,Completed
2429,797.39,2022-04-20,Failed
5311,584.12,2023-09-22,Completed
9683,299.55,2021-06-27,Failed
5073,155.12,2021-09-30,Failed
5166,547.62,2024-02-10,Pending
2281,128.37,2024-03-04,Pending
1022,197.07,2023-04-29,Pending
5738,694.91,2021-08-05,Pending
9759,417.52,2023-03-17,Pending
6335,703.06,2022-09-30,Completed
5531,199.1,2020-11-25,Pending
2336,787.03,2022-02-10,Failed
7953,885.02,2024-05-12,Pending
1508,593.95,2022-06-24,Pending
9709,573.91,2020-11-08,Failed
8708,809.4,2021-08-06,Failed
5713,258.63,2020-01-02,Pending
7151,834.3,2023-05-07,Failed
2217,603.29,2024-09-19,Completed
2989,551.38,2023-06-11,Completed
6312,803.36,2024-01-26,Completed
9638,112.71,2024-08-28,Pending
9191,840.22,2020-04-16,Failed
7268,492.36,2024-04-16,Completed
3172,284.25,2021-07-13,Completed
4808,433.53,2021-07-05,Completed
7292,195.16,2020-04-11,Completed
6712,179.82,2020-08-08,Failed
6919,400.39,2021-09-13,Completed
4291,253.53,2024-07-26,Completed
6080,750.11,2021-08-19,Completed
3751,960.14,2024-02-24,Pending
9891,677.36,2022-03-06,Completed
2458,940.7,2021-01-26,Completed
1070,330.69,2023-04-14,Pending
6694,642.93,2020-11-17,Failed
5013,396.31,2020-02-24,Completed
1715,607.94,2021-04-12,Completed
9597,935.86,2023-07-17,Pending
3477,554.67,2022-04-08,Completed
8969,116.27,2024-10-02,Completed
6675,884.84,2022-02-22,Completed
5101,252.0,2021-01-07,Completed
6931,912.8,2023-10-11,Pending
8279,931.88,2023-10-14,Failed
5885,134.32,2020-06-20,Completed
1761,487.45,2023-07-09,Pending
5967,784.28,2023-05-28,Failed
7556,403.12,2022-05-31,Pending
5828,667.27,2021-11-19,Failed
5917,629.39,2020-04-29,Completed
2772,142.01,2024-06-24,Completed
8302,954.83,2024-11-01,Completed
9487,592.16,2020-11-27,Pending
4880,158.76,2024-10-19,Pending
3424,355.08,2022-10-19,Pending
3224,275.67,2020-11-11,Failed
1751,432.47,2024-01-10,Pending
2624,346.57,2022-01-30,Completed
8181,360.83,2020-10-23,Failed
4665,962.0,2021-08-06,Failed
1634,268.42,2023-10-11,Completed
3049,153.09,2021-09-30,Failed
9521,108.28,2020-09-02,Completed
3160,397.42,2020-09-09,Completed
4879,106.64,2023-08-21,Failed
2188,147.84,2021-03-12,Pending
9814,786.25,2022-12-13,Failed
1285,584.27,2023-08-02,Pending
8653,140.95,2023-12-11,Pending
3491,515.32,2022-03-18,Failed
1600,789.9,2024-01-29,Failed
3975,914.3,2024-04-12,Failed
8665,932.52,2022-04-11,Failed
7652,342.45,2021-05-14,Failed
9209,329.49,2022-01-20,Failed
6791,562.88,2024-03-04,Pending
3691,225.95,2021-08-30,Completed
6390,262.08,2023-08-11,Failed
3967,326.11,2021-07-12,Failed
7555,187.58,2020-04-25,Failed
3781,114.7,2020-05-20,Completed
2527,240.12,2023-04-01,Pending
5953,922.68,2022-10-23,Completed
7131,278.53,2020-09-15,Failed
